{
    "precision": 0.1202062252496022,
    "recall": 0.1664161536687858,
    "f1-score": 0.11908466262595645
}